codigo,descrip_old,descrip_new,ROP_ajustado_old,ROP_ajustado_new,changed_ROP_ajustado,ROP_intermedio_old,ROP_intermedio_new,changed_ROP_intermedio,ROP_holgado_old,ROP_holgado_new,changed_ROP_holgado,changed_any_rop
-303626,FR ASPIRINETA X 14 COMP,FR ASPIRINETA X 14 COMP,0.0,0.0,False,1.0,1.0,False,2.0,1.0,True,True
-303633,LOTRIAL 10 MG COMP X 10,LOTRIAL 10 MG COMP X 10,0.0,1.0,True,1.0,2.0,True,2.0,2.0,False,True
-303638,TAFIROL  1G X 8,XXTAFIROL  1G X 8,9.0,10.0,True,11.0,11.0,False,13.0,13.0,False,True
-303660,FEEN A MINT CHICLE X 6,FEEN A MINT CHICLE X 6,1.0,2.0,True,2.0,3.0,True,3.0,4.0,True,True
-800250,FARMACIA M X2,FARMACIA M X2,2.0,3.0,True,3.0,5.0,True,4.0,6.0,True,True
-888120,EXPECTOSAN TE CALIENTE sob X1,EXPECTOSAN TE CALIENTE sob X1,3.0,3.0,False,4.0,4.0,False,4.0,5.0,True,True
-899436,XXPARACETAMOL BAYER X30 40 OF,XXPARACETAMOL BAYER X30 40 OF,2.0,2.0,False,3.0,3.0,False,5.0,4.0,True,True
1004468,UVASAL plastx100 g,UVASAL plastx100 g,1.0,0.0,True,2.0,1.0,True,2.0,2.0,False,True
1093231,CR DE BISMUTO CHOBET CON PECTI,CR DE BISMUTO CHOBET CON PECTI,0.0,0.0,False,1.0,1.0,False,1.0,2.0,True,True
109341,BAGOVIT A PLUS CR X100,BAGOVIT A PLUS CR X100,1.0,1.0,False,2.0,2.0,False,2.0,3.0,True,True
165021,BUSCAPINA gragx20,BUSCAPINA gragx20,1.0,2.0,True,2.0,3.0,True,4.0,4.0,False,True
1707541,DIOXADOL compx10,DIOXADOL compx10,0.0,0.0,False,1.0,1.0,False,2.0,1.0,True,True
2017312,IM 75 capsx24,IM 75 capsx24,0.0,1.0,True,1.0,2.0,True,2.0,2.0,False,True
2021353,VACUNACE sobx30,VACUNACE sobx30,0.0,0.0,False,1.0,1.0,False,2.0,1.0,True,True
2030003,ALDACTONE A 100 mg compx60,ALDACTONE A 100 mg compx60,0.0,-1.0,True,0.0,-1.0,True,1.0,-1.0,True,True
2231993,BEMPLAS compx30,BEMPLAS compx30,0.0,1.0,True,0.0,2.0,True,0.0,2.0,True,True
2306654,KARIDIUM 10 mg compx30,KARIDIUM 10 mg compx30,1.0,1.0,False,2.0,2.0,False,2.0,3.0,True,True
2323982,REGULANE compx20,REGULANE compx20,0.0,1.0,True,1.0,2.0,True,2.0,2.0,False,True
2340393,HOLOMAGNE B6 compx50,HOLOMAGNE B6 compx50,0.0,0.0,False,1.0,1.0,False,2.0,1.0,True,True
2367381,ETUMINA compx30,ETUMINA compx30,0.0,0.0,False,1.0,0.0,True,1.0,0.0,True,True
2451852,NORANAT compx30,NORANAT compx30,0.0,1.0,True,1.0,2.0,True,2.0,2.0,False,True
2645811,MOPERIDONA compx20,MOPERIDONA compx20,0.0,0.0,False,1.0,1.0,False,2.0,1.0,True,True
2704392,DERMAGLOS LT EMULSION X 200,DERMAGLOS LT EMULSION X 200,0.0,1.0,True,1.0,2.0,True,2.0,2.0,False,True
2748032,BACTRIM FORTE compx10,BACTRIM FORTE compx10,4.0,3.0,True,5.0,4.0,True,6.0,6.0,False,True
2778071,ALIDASE 500 compx10,ALIDASE 500 compx10,0.0,0.0,False,1.0,1.0,False,1.0,2.0,True,True
2822521,BLOKIUM 50 mg compx15,BLOKIUM 50 mg compx15,0.0,0.0,False,0.0,1.0,True,0.0,1.0,True,True
2822523,BLOKIUM 50 mg compx30,BLOKIUM 50 mg compx30,0.0,0.0,False,1.0,1.0,False,2.0,1.0,True,True
2830522,MEDOCOR compx40,MEDOCOR compx40,2.0,1.0,True,3.0,2.0,True,4.0,3.0,True,True
2856602,CEFALEXINA ARGENTIA 250 mg sus,CEFALEXINA ARGENTIA 250 mg sus,0.0,0.0,False,1.0,0.0,True,1.0,1.0,False,True
2856865,CEFALEXINA ARGENTIA DUO 1 g Cm,CEFALEXINA ARGENTIA DUO 1 g Cm,1.0,0.0,True,2.0,1.0,True,2.0,2.0,False,True
2860062,HIDRENOX A compx50,HIDRENOX A compx50,0.0,1.0,True,1.0,2.0,True,2.0,2.0,False,True
2888041,PONSTIL FORTE compx30,PONSTIL FORTE compx30,1.0,1.0,False,2.0,2.0,False,2.0,3.0,True,True
2961963,MIOPROPAN T 100/1.5 mg compx50,MIOPROPAN T 100/1.5 mg compx50,1.0,0.0,True,2.0,1.0,True,2.0,2.0,False,True
297291,RELIVERAN compx20,RELIVERAN compx20,1.0,1.0,False,2.0,2.0,False,3.0,2.0,True,True
2983324,TOTAL MAGNE SPORT sobx30,TOTAL MAGNE SPORT sobx30,0.0,0.0,False,1.0,1.0,False,2.0,1.0,True,True
2983823,DERMAGLOS LT CREMA X 200,DERMAGLOS LT CREMA X 200,1.0,2.0,True,2.0,3.0,True,3.0,4.0,True,True
3002603,VERICORDIN CTO compx28,VERICORDIN CTO compx28,1.0,0.0,True,2.0,1.0,True,2.0,2.0,False,True
3018881,TANAKAN FORTE compx30,TANAKAN FORTE compx30,0.0,0.0,False,1.0,1.0,False,1.0,2.0,True,True
3061194,VALCOTE 500 mg compx50,VALCOTE 500 mg compx50,2.0,1.0,True,3.0,2.0,True,4.0,4.0,False,True
3065072,CEPOREXIN DUO 1 GR 1 g compx14,CEPOREXIN DUO 1 GR 1 g compx14,0.0,0.0,False,1.0,1.0,False,1.0,2.0,True,True
3105824,CALMADOR compx30,CALMADOR compx30,4.0,4.0,False,5.0,5.0,False,7.0,8.0,True,True
3126953,CEFALEXINA ARGENTIA 500 mg sus,CEFALEXINA ARGENTIA 500 mg sus,0.0,0.0,False,1.0,1.0,False,2.0,1.0,True,True
3214144,ALPLAX 2 mg compx60,ALPLAX 2 mg compx60,2.0,2.0,False,3.0,3.0,False,4.0,5.0,True,True
3214307,ALPLAX 0.50 mg compx60,ALPLAX 0.50 mg compx60,2.0,2.0,False,3.0,3.0,False,4.0,3.0,True,True
3232702,EUDON Cmp.recx30,EUDON Cmp.recx30,1.0,1.0,False,2.0,2.0,False,3.0,4.0,True,True
3280982,LOTRIAL 2.5 mg compx30,LOTRIAL 2.5 mg compx30,1.0,2.0,True,2.0,3.0,True,3.0,4.0,True,True
3290123,SINCERUM BIOTIC gtsx8 ml,SINCERUM BIOTIC gtsx8 ml,0.0,0.0,False,1.0,0.0,True,1.0,0.0,True,True
3299632,MESIGYNA SYR iny.IM ax1 ml,MESIGYNA SYR iny.IM ax1 ml,0.0,1.0,True,1.0,2.0,True,1.0,3.0,True,True
3329581,IBUPIRAC SUSPENSION 4% susp.x,ZZIBUPIRAC SUSP 4% .jerx90 ml,3.0,0.0,True,4.0,1.0,True,5.0,2.0,True,True
3329581,IBUPIRAC SUSPENSION 4% susp.x,ZZIBUPIRAC SUSP 4% .jerx90 ml,3.0,0.0,True,4.0,1.0,True,5.0,2.0,True,True
3329581,ZZIBUPIRAC SUSP 4% .jerx90 ml,ZZIBUPIRAC SUSP 4% .jerx90 ml,3.0,0.0,True,4.0,1.0,True,5.0,2.0,True,True
3329581,ZZIBUPIRAC SUSP 4% .jerx90 ml,ZZIBUPIRAC SUSP 4% .jerx90 ml,3.0,0.0,True,4.0,1.0,True,5.0,2.0,True,True
3329582,IBUPIRAC SUSP 4% x200 ml,IBUPIRAC SUSP 4% x200 ml,7.0,1.0,True,8.0,2.0,True,8.0,2.0,True,True
3329582,IBUPIRAC SUSP 4% x200 ml,IBUPIRAC SUSP 4% x200 ml,7.0,1.0,True,8.0,2.0,True,8.0,2.0,True,True
3329582,IBUPIRAC SUSP 4% x200 ml,IBUPIRAC SUSP 4% x200 ml,7.0,1.0,True,8.0,2.0,True,8.0,2.0,True,True
3329582,IBUPIRAC SUSP 4% x200 ml,IBUPIRAC SUSP 4% x200 ml,7.0,1.0,True,8.0,2.0,True,8.0,2.0,True,True
3329582,IBUPIRAC SUSP 4% .jerx200 ml,IBUPIRAC SUSP 4% x200 ml,7.0,1.0,True,8.0,2.0,True,8.0,2.0,True,True
3329582,IBUPIRAC SUSP 4% .jerx200 ml,IBUPIRAC SUSP 4% x200 ml,7.0,1.0,True,8.0,2.0,True,8.0,2.0,True,True
3329582,IBUPIRAC SUSP 4% .jerx200 ml,IBUPIRAC SUSP 4% x200 ml,7.0,1.0,True,8.0,2.0,True,8.0,2.0,True,True
3329582,IBUPIRAC SUSP 4% .jerx200 ml,IBUPIRAC SUSP 4% x200 ml,7.0,1.0,True,8.0,2.0,True,8.0,2.0,True,True
3394911,NAPRUX RAPID 550 mg Cmp.rec.ra,NAPRUX RAPID 550 mg Cmp.rec.ra,1.0,0.0,True,2.0,1.0,True,2.0,2.0,False,True
3396732,GLIOTEN 5 mg compx60,GLIOTEN 5 mg compx60,0.0,0.0,False,1.0,1.0,False,1.0,2.0,True,True
3494084,LANZOPRAL capsx30,LANZOPRAL capsx30,0.0,1.0,True,1.0,2.0,True,2.0,3.0,True,True
3519581,SINALGICO 20 mg compx10,SINALGICO 20 mg compx10,0.0,0.0,False,1.0,0.0,True,1.0,0.0,True,True
3538051,MEDILAXAN Cmp.recx30,MEDILAXAN Cmp.recx30,0.0,0.0,False,1.0,1.0,False,2.0,1.0,True,True
359403,REFENAX gts.nasales x25 ml,REFENAX gts.nasales x25 ml,1.0,1.0,False,2.0,2.0,False,2.0,3.0,True,True
3599441,MAXISALIC ungx30 g,MAXISALIC ungx30 g,0.0,0.0,False,0.0,0.0,False,1.0,0.0,True,True
3607512,ATENIX 100 mg Cmp.ranx30,ATENIX 100 mg Cmp.ranx30,2.0,1.0,True,3.0,2.0,True,3.0,3.0,False,True
3617412,BUSCAPINA CTUM Cmp.recx20,BUSCAPINA CTUM Cmp.recx20,0.0,1.0,True,1.0,2.0,True,2.0,2.0,False,True
3674681,PELMEC 5 mg compx30,PELMEC 5 mg compx30,3.0,3.0,False,4.0,5.0,True,6.0,6.0,False,True
3675092,DBI AP METFORMINA 850 mg Cmp.r,DBI AP METFORMINA 850 mg Cmp.r,5.0,5.0,False,6.0,7.0,True,8.0,8.0,False,True
3675093,DBI AP METFORMINA 850 mg Cmp.r,DBI AP METFORMINA 850 mg Cmp.r,2.0,1.0,True,3.0,2.0,True,4.0,3.0,True,True
3677151,TOTAL MAGNE Cmp.recx30,TOTAL MAGNE Cmp.recx30,1.0,2.0,True,2.0,3.0,True,3.0,3.0,False,True
3703701,LEBOCAR 100-25 Cmp.recx30,LEBOCAR 100-25 Cmp.recx30,0.0,0.0,False,1.0,1.0,False,2.0,1.0,True,True
3731921,GLUCOPHAGE 850 mg compx30,GLUCOPHAGE 850 mg compx30,1.0,0.0,True,2.0,1.0,True,2.0,2.0,False,True
3743726,DICLOGESIC 75 mg Cmp.recx10,DICLOGESIC 75 mg Cmp.recx10,0.0,0.0,False,1.0,1.0,False,2.0,1.0,True,True
3745623,MIOPROPAN 200 compx30,MIOPROPAN 200 compx30,0.0,1.0,True,1.0,2.0,True,2.0,3.0,True,True
3745624,MIOPROPAN 200 compx60,MIOPROPAN 200 compx60,0.0,0.0,False,1.0,1.0,False,2.0,1.0,True,True
377721,NOVALGINA compx10,NOVALGINA compx10,0.0,1.0,True,1.0,2.0,True,2.0,2.0,False,True
377727,NOVALGINA compx30,NOVALGINA compx30,0.0,1.0,True,1.0,2.0,True,2.0,2.0,False,True
377984,LASIX 40 mg compx60,LASIX 40 mg compx60,0.0,1.0,True,1.0,2.0,True,2.0,3.0,True,True
3814002,HIERROQUICK 80 Cmp.recx40,HIERROQUICK 80 Cmp.recx40,0.0,1.0,True,1.0,2.0,True,2.0,2.0,False,True
3903361,SALAC crx20 g,SALAC crx20 g,0.0,0.0,False,1.0,1.0,False,2.0,1.0,True,True
3905763,BALIARTRIN sobres x30,BALIARTRIN sobres x30,0.0,0.0,False,1.0,1.0,False,2.0,1.0,True,True
3931162,DEFAS 6 mg compx20,DEFAS 6 mg compx20,0.0,0.0,False,1.0,1.0,False,1.0,2.0,True,True
3934133,ELAFAX 75 mg compx30,ELAFAX 75 mg compx30,1.0,0.0,True,2.0,1.0,True,2.0,2.0,False,True
3964673,LOSACOR 50 mg Cmp.recx30,LOSACOR 50 mg Cmp.recx30,9.0,9.0,False,10.0,10.0,False,11.0,12.0,True,True
3964674,LOSACOR 50 mg Cmp.recx60,LOSACOR 50 mg Cmp.recx60,4.0,5.0,True,5.0,6.0,True,8.0,8.0,False,True
3967061,PROCTYL pdax30 g,PROCTYL pdax30 g,0.0,0.0,False,1.0,1.0,False,1.0,2.0,True,True
3970852,TRAMA KLOSIDOL compx20,TRAMA KLOSIDOL compx20,1.0,0.0,True,2.0,1.0,True,3.0,2.0,True,True
4025032,PANGEST Cmp.recx15,PANGEST Cmp.recx15,0.0,0.0,False,1.0,0.0,True,1.0,1.0,False,True
4045339,DOLOFRIX FORTE 60 mg compx30,DOLOFRIX FORTE 60 mg compx30,0.0,1.0,True,1.0,2.0,True,2.0,3.0,True,True
4062241,MARATHON capsx30,MARATHON capsx30,0.0,0.0,False,1.0,1.0,False,1.0,2.0,True,True
4071072,ZOLOFT 50 mg tab.ranx60,ZOLOFT 50 mg tab.ranx60,0.0,0.0,False,0.0,1.0,True,0.0,1.0,True,True
4083372,BENAPROST 5 mg compx28,BENAPROST 5 mg compx28,0.0,0.0,False,1.0,1.0,False,2.0,1.0,True,True
4092103,ENDIAL 2 mg compx60,ENDIAL 2 mg compx60,0.0,1.0,True,1.0,2.0,True,2.0,2.0,False,True
4101683,LOPLAC 50 mg compx60,LOPLAC 50 mg compx60,2.0,1.0,True,3.0,2.0,True,4.0,4.0,False,True
4136332,PRESIMAX 50 mg Cmp.recx30,PRESIMAX 50 mg Cmp.recx30,1.0,1.0,False,2.0,2.0,False,3.0,2.0,True,True
4136411,PRESIMAX D 50/12.5 mg Cmp.recx,PRESIMAX D 50/12.5 mg Cmp.recx,0.0,1.0,True,1.0,2.0,True,2.0,2.0,False,True
4155803,SINTROM 1 mg compx20,SINTROM 1 mg compx20,0.0,1.0,True,1.0,2.0,True,2.0,2.0,False,True
4172711,REFENAX COLIRIO sol.oftx15 ml,REFENAX COLIRIO sol.oftx15 ml,0.0,0.0,False,1.0,1.0,False,2.0,1.0,True,True
4184191,APRIL compx21,APRIL compx21,0.0,0.0,False,1.0,1.0,False,2.0,1.0,True,True
4187584,HONGUIL PLUS caps.oral x8,HONGUIL PLUS caps.oral x8,0.0,1.0,True,1.0,2.0,True,2.0,2.0,False,True
4195164,CALCIMAX Cmp.recx60,CALCIMAX Cmp.recx60,1.0,0.0,True,2.0,1.0,True,3.0,2.0,True,True
4213633,DILATREND 6.25 mg Cmp.ranx30,DILATREND 6.25 mg Cmp.ranx30,1.0,1.0,False,2.0,2.0,False,3.0,2.0,True,True
4251755,TENSIUM 0.5 mg Cmp.ranx60,TENSIUM 0.5 mg Cmp.ranx60,1.0,0.0,True,2.0,1.0,True,2.0,2.0,False,True
4321881,CIAGEN 600 600 mg Cmp.recx30,CIAGEN 600 600 mg Cmp.recx30,1.0,1.0,False,2.0,2.0,False,3.0,2.0,True,True
4336813,GLEMAZ 4 mg Cmp.trirranx60,GLEMAZ 4 mg Cmp.trirranx60,1.0,0.0,True,2.0,1.0,True,2.0,2.0,False,True
4361802,LIPAREX 40 mg Cmp.recx30,LIPAREX 40 mg Cmp.recx30,0.0,0.0,False,1.0,0.0,True,1.0,0.0,True,True
4402802,GLUCOPHAGE 500 mg compx100,GLUCOPHAGE 500 mg compx100,0.0,0.0,False,1.0,1.0,False,2.0,1.0,True,True
4406522,CREON 00 capsx100,CREON 00 capsx100,0.0,0.0,False,1.0,1.0,False,1.0,2.0,True,True
4415271,SEROQUEL 200 mg compx30,SEROQUEL 200 mg compx30,0.0,0.0,False,1.0,1.0,False,2.0,1.0,True,True
4416004,NARAMIG 2.5 mg Cmp.recx7,NARAMIG 2.5 mg Cmp.recx7,1.0,0.0,True,2.0,1.0,True,2.0,2.0,False,True
4422944,PANTUS 40 Cmp.gastrorresx30,PANTUS 40 Cmp.gastrorresx30,0.0,0.0,False,1.0,0.0,True,1.0,0.0,True,True
4423272,CLONAGIN 2 2 mg compx60,CLONAGIN 2 2 mg compx60,3.0,3.0,False,4.0,4.0,False,5.0,6.0,True,True
4434243,ACNECLIN 100 AP capsx30,ACNECLIN 100 AP capsx30,0.0,0.0,False,1.0,1.0,False,2.0,1.0,True,True
4451072,METASON crx20 g,METASON crx20 g,0.0,0.0,False,1.0,1.0,False,2.0,1.0,True,True
4459592,IMECOT 500 mg compx60,IMECOT 500 mg compx60,0.0,0.0,False,1.0,1.0,False,1.0,2.0,True,True
4466766,PANGEST 20 Cmp.recx30,PANGEST 20 Cmp.recx30,0.0,0.0,False,1.0,0.0,True,1.0,0.0,True,True
4479391,DUSPATALIN 200 mg capsx20,DUSPATALIN 200 mg capsx20,0.0,0.0,False,1.0,1.0,False,2.0,1.0,True,True
4483912,REDUPROST 0.4 mg capsx60,REDUPROST 0.4 mg capsx60,0.0,0.0,False,1.0,1.0,False,1.0,2.0,True,True
4490921,GINKAN 500 Cmp.recx8,GINKAN 500 Cmp.recx8,0.0,0.0,False,1.0,1.0,False,2.0,1.0,True,True
4504611,NEURO BILETAN 600 mg Cmp.recx3,NEURO BILETAN 600 mg Cmp.recx3,0.0,0.0,False,1.0,1.0,False,2.0,1.0,True,True
4508832,INSU INSULATARD FLEXPEN HM 100,INSU INSULATARD FLEXPEN HM 100,6.0,6.0,False,7.0,7.0,False,8.0,9.0,True,True
4519722,ELAFAX XR 75 mg compx28,ELAFAX XR 75 mg compx28,1.0,0.0,True,2.0,1.0,True,2.0,1.0,True,True
4523681,NIXORAN 500 mg Cmp.recx6,NIXORAN 500 mg Cmp.recx6,1.0,2.0,True,2.0,3.0,True,3.0,4.0,True,True
4536212,ISET 250 mg/5 ml jbex100 ml,ISET 250 mg/5 ml jbex100 ml,1.0,0.0,True,2.0,1.0,True,2.0,2.0,False,True
4551802,PEPTAZOL 20 Cmp.recx30,PEPTAZOL 20 Cmp.recx30,0.0,0.0,False,1.0,0.0,True,1.0,0.0,True,True
4562611,BLOKIUM GEL 1.16 g pomo x50 g,BLOKIUM GEL 1.16 g pomo x50 g,1.0,1.0,False,2.0,2.0,False,2.0,3.0,True,True
4566092,SESTRINE 0.5 mg compx30,SESTRINE 0.5 mg compx30,1.0,0.0,True,2.0,1.0,True,3.0,2.0,True,True
4582753,TOTAL MAGNE B6 Cmp.recx30,TOTAL MAGNE B6 Cmp.recx30,0.0,1.0,True,1.0,2.0,True,2.0,2.0,False,True
4605354,PANTUS 20 Cmp.gastrorresx30,PANTUS 20 Cmp.gastrorresx30,0.0,0.0,False,1.0,0.0,True,2.0,0.0,True,True
4636542,DITROPAN UD 5 mg compx30,DITROPAN UD 5 mg compx30,0.0,0.0,False,1.0,0.0,True,1.0,0.0,True,True
4638861,NEOBITIOL spray solx60 ml,NEOBITIOL spray solx60 ml,0.0,0.0,False,1.0,1.0,False,2.0,1.0,True,True
4638862,NEOBITIOL spray solx120 ml,NEOBITIOL spray solx120 ml,0.0,0.0,False,1.0,1.0,False,1.0,2.0,True,True
4638864,NEOBITIOL ROLL ON on envx60 ml,NEOBITIOL ROLL ON on envx60 ml,0.0,0.0,False,1.0,1.0,False,2.0,1.0,True,True
4649592,LOSACOR 100 mg Cmp.recx30,LOSACOR 100 mg Cmp.recx30,4.0,4.0,False,5.0,5.0,False,6.0,7.0,True,True
4666661,GLAUCOTENSIL TD colirio x5 ml,GLAUCOTENSIL TD colirio x5 ml,3.0,4.0,True,4.0,5.0,True,6.0,6.0,False,True
4674082,XEDENOL GESIC Cmp.recx20,XEDENOL GESIC Cmp.recx20,1.0,0.0,True,2.0,1.0,True,2.0,2.0,False,True
4676306,CORBIS 5 mg Cmp.recx30,CORBIS 5 mg Cmp.recx30,7.0,7.0,False,8.0,9.0,True,10.0,12.0,True,True
4684481,TRIFAMOX DUO 875 mg compx14,TRIFAMOX DUO 875 mg compx14,0.0,0.0,False,1.0,1.0,False,1.0,2.0,True,True
4716231,LEVOTIROXINA GSK 88 mcg compx5,LEVOTIROXINA GSK 88 mcg compx5,1.0,1.0,False,2.0,2.0,False,3.0,2.0,True,True
4731401,GLAUCOSTAT 50mcg/ml sol.oftx2.,GLAUCOSTAT 50mcg/ml sol.oftx2.,0.0,1.0,True,1.0,2.0,True,2.0,2.0,False,True
4742892,MENIEX 8 mg compx30,MENIEX 8 mg compx30,2.0,2.0,False,3.0,3.0,False,4.0,3.0,True,True
4745361,SOTACOR 160 mg compx20,SOTACOR 160 mg compx20,0.0,0.0,False,1.0,1.0,False,1.0,2.0,True,True
4758571,TRASTOCIR 50 mg compx30,TRASTOCIR 50 mg compx30,1.0,0.0,True,2.0,1.0,True,2.0,2.0,False,True
4764753,VASTINA 10 mg compx30,VASTINA 10 mg compx30,0.0,0.0,False,1.0,1.0,False,1.0,2.0,True,True
4765743,BIDECAR 6.25 mg Cmp.ranx28,BIDECAR 6.25 mg Cmp.ranx28,0.0,0.0,False,1.0,1.0,False,2.0,1.0,True,True
4765746,BIDECAR 6.25 mg Cmp.ranx56,BIDECAR 6.25 mg Cmp.ranx56,1.0,0.0,True,2.0,1.0,True,2.0,2.0,False,True
4767982,ALERCAS 120 mg compx10,ALERCAS 120 mg compx10,0.0,0.0,False,1.0,1.0,False,1.0,2.0,True,True
4802525,INTESUL 5 mg Cmp.recx60,INTESUL 5 mg Cmp.recx60,0.0,0.0,False,1.0,1.0,False,1.0,2.0,True,True
4818701,CLINDACIN gel x50 g,CLINDACIN gel x50 g,0.0,0.0,False,1.0,1.0,False,1.0,2.0,True,True
4836522,CLAMOXOL DUO Cmp.recx14,CLAMOXOL DUO Cmp.recx14,0.0,1.0,True,1.0,2.0,True,2.0,2.0,False,True
4854761,DIUREX 25 mg compx30,DIUREX 25 mg compx30,3.0,3.0,False,4.0,4.0,False,5.0,6.0,True,True
4863172,HYPERSOL 3% spray nasal x45 ml,HYPERSOL 3% spray nasal x45 ml,1.0,0.0,True,2.0,1.0,True,2.0,2.0,False,True
4886102,SYMBICORT TURBUHALER 160/4.5 m,SYMBICORT TURBUHALER 160/4.5 m,1.0,0.0,True,2.0,1.0,True,2.0,2.0,False,True
4898321,SERETIDE AEROSOL HFA 25/125mcg,SERETIDE AEROSOL HFA 25/125mcg,0.0,0.0,False,1.0,1.0,False,1.0,2.0,True,True
4898401,SERETIDE AEROSOL HFA 25/250mcg,SERETIDE AEROSOL HFA 25/250mcg,2.0,1.0,True,3.0,2.0,True,3.0,3.0,False,True
4916631,LIRPAN 5 mg compx30,LIRPAN 5 mg compx30,0.0,0.0,False,1.0,1.0,False,2.0,1.0,True,True
4925882,COMENTER 30 mg compx30,COMENTER 30 mg compx30,1.0,0.0,True,2.0,1.0,True,2.0,2.0,False,True
4950872,QUETIAZIC 25 mg compx30,QUETIAZIC 25 mg compx30,0.0,1.0,True,1.0,2.0,True,2.0,2.0,False,True
4952691,ULCOZOL 20 mg compx14,ULCOZOL 20 mg compx14,0.0,0.0,False,1.0,0.0,True,1.0,0.0,True,True
4964102,NOXIBEL 30 mg Cmp.recx30,NOXIBEL 30 mg Cmp.recx30,0.0,0.0,False,1.0,1.0,False,1.0,2.0,True,True
499331,HIDROTISONA 10 mg compx30,HIDROTISONA 10 mg compx30,1.0,2.0,True,3.0,3.0,False,3.0,3.0,False,True
5029688,CORBIS D 5/12.5 mg Cmp.rec. x6,CORBIS D 5/12.5 mg Cmp.rec. x6,0.0,0.0,False,1.0,1.0,False,2.0,1.0,True,True
5031922,AEROLEP aer.inhal.c/adapx250ds,AEROLEP aer.inhal.c/adapx250ds,0.0,1.0,True,1.0,2.0,True,2.0,2.0,False,True
5044595,SESAREN 75 mg compx30,SESAREN 75 mg compx30,1.0,1.0,False,2.0,2.0,False,2.0,3.0,True,True
5046945,SIMULTAN D 160/12.5mg Cmp.recx,SIMULTAN D 160/12.5mg Cmp.recx,1.0,1.0,False,2.0,2.0,False,3.0,2.0,True,True
5051354,FRENALER 5 mg Cmp.recx14,FRENALER 5 mg Cmp.recx14,0.0,0.0,False,1.0,1.0,False,2.0,1.0,True,True
5066791,INSU NOVORAPID FLEXPEN 100 UI,INSU NOVORAPID FLEXPEN 100 UI,3.0,4.0,True,4.0,5.0,True,6.0,6.0,False,True
5066842,TOPICTAL 25 mg Cmp.recx56,TOPICTAL 25 mg Cmp.recx56,1.0,0.0,True,2.0,1.0,True,2.0,2.0,False,True
5078802,DERMEXANE ungx30 g,DERMEXANE ungx30 g,0.0,0.0,False,1.0,1.0,False,1.0,2.0,True,True
5079985,CARVEDIL 6.25 mg compx60,CARVEDIL 6.25 mg compx60,1.0,0.0,True,2.0,1.0,True,2.0,2.0,False,True
5100283,CLONAGIN SL 0.25 mg Cmp.sublx3,CLONAGIN SL 0.25 mg Cmp.sublx3,1.0,1.0,False,2.0,2.0,False,3.0,2.0,True,True
5116793,PLIDAN 5 mg Cmp.recx50,PLIDAN 5 mg Cmp.recx50,1.0,0.0,True,2.0,1.0,True,3.0,1.0,True,True
5148391,T4200 200 mcg compx50,T4200 200 mcg compx50,1.0,1.0,False,2.0,2.0,False,2.0,3.0,True,True
5149462,RIATUL 1 1 mg Cmp.rec.ranx20,RIATUL 1 1 mg Cmp.rec.ranx20,0.0,1.0,True,1.0,2.0,True,2.0,2.0,False,True
5151651,PANALENE 0.1% crx30 g,PANALENE 0.1% crx30 g,0.0,0.0,False,1.0,1.0,False,1.0,2.0,True,True
5152931,RECIT 18 mg capsx7,RECIT 18 mg capsx7,3.0,0.0,True,4.0,1.0,True,4.0,2.0,True,True
5169991,METGLUCON 0 AP 1000 mg Cmp.rec,METGLUCON 0 AP 1000 mg Cmp.rec,0.0,0.0,False,1.0,1.0,False,2.0,1.0,True,True
5175262,QURA PLUS Cmp.recx20,QURA PLUS Cmp.recx20,2.0,2.0,False,3.0,3.0,False,4.0,6.0,True,True
5193752,VIGAMOX 0.5% sol.oftx5 ml,VIGAMOX 0.5% sol.oftx5 ml,0.0,0.0,False,1.0,1.0,False,2.0,1.0,True,True
5202512,GADOPRIL D 10/25 mg compx30,GADOPRIL D 10/25 mg compx30,1.0,1.0,False,2.0,2.0,False,2.0,3.0,True,True
5209545,ROVARTAL 10 mg compx30,ROVARTAL 10 mg compx30,3.0,3.0,False,4.0,4.0,False,5.0,6.0,True,True
5209547,ROVARTAL 10 mg compx60,ROVARTAL 10 mg compx60,0.0,0.0,False,1.0,1.0,False,1.0,2.0,True,True
5209615,ROVARTAL 20 mg compx30,ROVARTAL 20 mg compx30,1.0,1.0,False,2.0,2.0,False,3.0,2.0,True,True
5212803,FENSARTAN D compx30,FENSARTAN D compx30,1.0,1.0,False,2.0,2.0,False,2.0,3.0,True,True
5216673,FENSARTAN 100 mg compx30,FENSARTAN 100 mg compx30,0.0,0.0,False,1.0,1.0,False,3.0,2.0,True,True
5234746,SINLIP 20 mg Cmp.recx30,SINLIP 20 mg Cmp.recx30,1.0,1.0,False,2.0,2.0,False,2.0,3.0,True,True
5241312,CILOSTAL 100 mg compx60,CILOSTAL 100 mg compx60,1.0,0.0,True,2.0,1.0,True,2.0,2.0,False,True
5282061,CARMIN Cmp.recx28,CARMIN Cmp.recx28,1.0,0.0,True,3.0,1.0,True,3.0,2.0,True,True
5288613,CARVEDIL 3.125 mg compx28,CARVEDIL 3.125 mg compx28,1.0,0.0,True,2.0,1.0,True,2.0,2.0,False,True
5291963,BIDECAR 3.125 mg Cmp.ranx28,BIDECAR 3.125 mg Cmp.ranx28,1.0,1.0,False,2.0,2.0,False,2.0,3.0,True,True
5305841,ZOPIROL 0.50% sol.oftx5 ml,ZOPIROL 0.50% sol.oftx5 ml,0.0,0.0,False,1.0,1.0,False,2.0,1.0,True,True
531984,GLAUCOSTAT T gts.oftx2.5 ml,GLAUCOSTAT T gts.oftx2.5 ml,0.0,0.0,False,1.0,1.0,False,2.0,1.0,True,True
5321682,ALPERTAN 80 mg Cmp.recx28,ALPERTAN 80 mg Cmp.recx28,3.0,3.0,False,4.0,4.0,False,6.0,5.0,True,True
5323423,BALIGLUC 500 mg Cmp.rec.ranx30,BALIGLUC 500 mg Cmp.rec.ranx30,1.0,2.0,True,2.0,3.0,True,3.0,3.0,False,True
5323552,DOXATEN 0.5 mg capsx30,DOXATEN 0.5 mg capsx30,0.0,0.0,False,1.0,1.0,False,1.0,2.0,True,True
5336847,SINLIP 5 mg Cmp.recx30,SINLIP 5 mg Cmp.recx30,0.0,0.0,False,1.0,1.0,False,2.0,1.0,True,True
5367972,AMPLIAR DUO 20/10 mg compx60,AMPLIAR DUO 20/10 mg compx60,0.0,1.0,True,1.0,2.0,True,2.0,2.0,False,True
5373552,LIXIDOL GOTAS 100 mg  x20 ml,LIXIDOL GOTAS 100 mg  x20 ml,0.0,1.0,True,1.0,2.0,True,2.0,2.0,False,True
5374391,TRADON MR 30mg Cmp.lib.modifx3,TRADON MR 30mg Cmp.lib.modifx3,1.0,1.0,False,2.0,2.0,False,2.0,3.0,True,True
5381262,DIUREX A 25/2.5 mg compx30,DIUREX A 25/2.5 mg compx30,0.0,1.0,True,1.0,2.0,True,2.0,2.0,False,True
5381972,PARKINEL 100 mg/25 mg compx30,PARKINEL 100 mg/25 mg compx30,1.0,0.0,True,2.0,1.0,True,2.0,2.0,False,True
5409973,METILPRES 5 mg Cmp.ranx30,METILPRES 5 mg Cmp.ranx30,1.0,0.0,True,2.0,1.0,True,2.0,2.0,False,True
5432711,AUCIC 1% sol.oftx10 ml,AUCIC 1% sol.oftx10 ml,1.0,2.0,True,2.0,3.0,True,3.0,4.0,True,True
5437711,ZOPIROL DM sol.oftx5 ml,ZOPIROL DM sol.oftx5 ml,0.0,1.0,True,1.0,2.0,True,2.0,2.0,False,True
5443682,TIMOPLOS LC sol.oft.estÃÂÃÂ©rx7.5,TIMOPLOS LC sol.oft.estÃrx7.5,0.0,0.0,False,0.0,1.0,True,0.0,1.0,True,True
5445133,DIABESIL AP 850 AP 850 mg Cmp.,DIABESIL AP 850 AP 850 mg Cmp.,1.0,1.0,False,2.0,2.0,False,3.0,2.0,True,True
545497,PERFRACORT 0.05% crx30 g,PERFRACORT 0.05% crx30 g,0.0,1.0,True,1.0,2.0,True,2.0,2.0,False,True
5460711,LAGRIMA DORF sol.oftx10 ml,LAGRIMA DORF sol.oftx10 ml,0.0,0.0,False,1.0,1.0,False,2.0,1.0,True,True
5466973,TAFIROL ARTRO 50/500 mg Cmp.re,TAFIROL ARTRO 50/500 mg Cmp.re,0.0,0.0,False,1.0,1.0,False,2.0,1.0,True,True
5469422,DR. AMIN 50 mg Cmp.recx12,DR. AMIN 50 mg Cmp.recx12,2.0,1.0,True,3.0,2.0,True,4.0,2.0,True,True
5484002,NAPRUX DISTEN compx30,NAPRUX DISTEN compx30,0.0,0.0,False,0.0,0.0,False,0.0,1.0,True,True
5497682,SIDERBLUT GOTAS gtsx20 ml,SIDERBLUT GOTAS gtsx20 ml,1.0,0.0,True,2.0,1.0,True,2.0,2.0,False,True
5505421,VENART crx30 g,VENART crx30 g,0.0,0.0,False,1.0,1.0,False,1.0,2.0,True,True
5512551,IBU 600 RAPIDA ACCION 600 mg c,IBU 600 RAPIDA ACCION 600 mg c,6.0,6.0,False,7.0,8.0,True,10.0,10.0,False,True
5514971,FEMOREL MAX Cmp.recx1+Cmp.recx,FEMOREL MAX Cmp.recx1+Cmp.recx,1.0,0.0,True,2.0,1.0,True,2.0,2.0,False,True
5544396,CLARIBIOTIC 250mg/5ml suspx60,CLARIBIOTIC 250mg/5ml suspx60,1.0,0.0,True,2.0,1.0,True,2.0,2.0,False,True
5552713,SARVAL D 160/12.5 mg cmp.recx3,SARVAL D 160/12.5 mg cmp.recx3,2.0,2.0,False,3.0,3.0,False,4.0,5.0,True,True
5563132,CIRIAX OTIC L gts.ÃÂÃÂ³ticas x5 ml,CIRIAX OTIC L gts.Â¾ticas x5 ml,0.0,1.0,True,1.0,2.0,True,2.0,2.0,False,True
5563132,CIRIAX OTIC L gts.ÃÂÃÂ¾ticas x5 ml,CIRIAX OTIC L gts.Â¾ticas x5 ml,0.0,1.0,True,1.0,2.0,True,2.0,2.0,False,True
5567396,BIATRIX 25 25 mg Cmp.rec.ranx6,BIATRIX 25 25 mg Cmp.rec.ranx6,2.0,1.0,True,3.0,2.0,True,3.0,3.0,False,True
5579133,BUTOCORT HFA aerx250 dosis,BUTOCORT HFA aerx250 dosis,0.0,1.0,True,1.0,2.0,True,2.0,2.0,False,True
5582421,DUOTRAV sol.oftx2.5 ml,DUOTRAV sol.oftx2.5 ml,0.0,1.0,True,1.0,2.0,True,2.0,2.0,False,True
5602841,AMOCLAV DUO Cmp.recx14,AMOCLAV DUO Cmp.recx14,0.0,1.0,True,1.0,2.0,True,2.0,2.0,False,True
5625393,COROSAN 160 mg compx30,COROSAN 160 mg compx30,0.0,1.0,True,1.0,2.0,True,2.0,2.0,False,True
5637712,NORMOLIPOL 10 mg Cmp.recx30,NORMOLIPOL 10 mg Cmp.recx30,0.0,0.0,False,1.0,1.0,False,1.0,2.0,True,True
5651396,RACORVAL 80 mg Cmp.recx28,RACORVAL 80 mg Cmp.recx28,0.0,1.0,True,1.0,2.0,True,2.0,2.0,False,True
5672392,HEXALER NASAL spray  x120 ds.,HEXALER NASAL spray  x120 ds.,2.0,1.0,True,3.0,2.0,True,3.0,3.0,False,True
5678002,HEPATRIET gel tÃÂÃÂ¢pico x50 g,HEPATRIET gel tÃ³pico x50 g,0.0,0.0,False,1.0,1.0,False,1.0,2.0,True,True
5678002,HEPATRIET gel tÃÂÃÂ³pico x50 g,HEPATRIET gel tÃ³pico x50 g,0.0,0.0,False,1.0,1.0,False,1.0,2.0,True,True
5682683,LEXOBRON 500 mg Cmp.recx7,LEXOBRON 500 mg Cmp.recx7,1.0,0.0,True,2.0,1.0,True,2.0,2.0,False,True
5684134,ZOXX 50 50 mg Cmp.recx30,ZOXX 50 50 mg Cmp.recx30,1.0,0.0,True,2.0,1.0,True,2.0,2.0,False,True
5684264,ZOXX 100 mg Cmp.recx30,ZOXX 100 mg Cmp.recx30,1.0,0.0,True,2.0,1.0,True,2.0,2.0,False,True
5693712,CLOPILEP 75 mg Cmp.recx30,CLOPILEP 75 mg Cmp.recx30,1.0,2.0,True,2.0,3.0,True,3.0,4.0,True,True
5711391,BAGO B1B6B12 solx100 ml,BAGO B1B6B12 solx100 ml,0.0,0.0,False,0.0,0.0,False,0.0,1.0,True,True
5716001,ALDACTONE D 25/20 compx30,ALDACTONE D 25/20 compx30,0.0,0.0,False,1.0,1.0,False,1.0,2.0,True,True
5724392,PH LAGR GEL gel oftx10 ml,PH LAGR GEL gel oftx10 ml,1.0,1.0,False,2.0,2.0,False,3.0,2.0,True,True
5732841,ELIFER 100 mg compx30,ELIFER 100 mg compx30,1.0,2.0,True,2.0,3.0,True,3.0,4.0,True,True
5732971,ELIFER 300 mg compx30,ELIFER 300 mg compx30,0.0,1.0,True,1.0,2.0,True,2.0,2.0,False,True
5735003,CLINADOL FORTE AP 200mgCmp.rec,CLINADOL FORTE AP 200mgCmp.rec,0.0,0.0,False,1.0,1.0,False,2.0,1.0,True,True
5746847,PLIDEX AP 300 mg Cmp.lib.prolx,PLIDEX AP 300 mg Cmp.lib.prolx,0.0,0.0,False,1.0,1.0,False,1.0,2.0,True,True
5755711,ALENYS inhal.nasal dsx120,ALENYS inhal.nasal dsx120,1.0,0.0,True,2.0,1.0,True,2.0,2.0,False,True
5759262,FUROTRAL 40 mg compx30,FUROTRAL 40 mg compx30,0.0,0.0,False,1.0,1.0,False,1.0,2.0,True,True
5761552,GALVUS MET 50/850 mg compx60,GALVUS MET 50/850 mg compx60,0.0,0.0,False,1.0,1.0,False,2.0,1.0,True,True
5763842,DUTAPIL 0.5 mg compx60,DUTAPIL 0.5 mg compx60,0.0,0.0,False,1.0,1.0,False,1.0,2.0,True,True
5767391,INSU OPTISULIN SOLOSTAR lap.pr,INSU OPTISULIN SOLOSTAR lap.pr,1.0,0.0,True,2.0,1.0,True,2.0,2.0,False,True
578068,LATLAS TEARS gotero x15 ml,LATLAS TEARS gotero x15 ml,0.0,0.0,False,0.0,1.0,True,1.0,1.0,False,True
5781712,ROSUSTATIN 20 mg compx30,ROSUSTATIN 20 mg compx30,0.0,0.0,False,0.0,1.0,True,1.0,1.0,False,True
5785552,ALPERTAN D 160/12.5 mg Cmp.rec,ALPERTAN D 160/12.5 mg Cmp.rec,2.0,3.0,True,3.0,4.0,True,4.0,5.0,True,True
5787971,IFENIL MD Cmp.rec. x28 (21+7),IFENIL MD Cmp.rec. x28 (21+7),0.0,0.0,False,1.0,1.0,False,2.0,1.0,True,True
5790682,ISLOTIN XR 500 mg Cmp.rec.AP x,ISLOTIN XR 500 mg Cmp.rec.AP x,0.0,1.0,True,1.0,2.0,True,2.0,2.0,False,True
5795711,AMPLIAR PLUS 20/10 mg compx30,AMPLIAR PLUS 20/10 mg compx30,0.0,0.0,False,1.0,1.0,False,2.0,4.0,True,True
5805002,AXUAL 75 mg capsx30,AXUAL 75 mg capsx30,0.0,0.0,False,1.0,1.0,False,1.0,2.0,True,True
5811683,NOXOPRAN 0.25 mg compx60,NOXOPRAN 0.25 mg compx60,3.0,2.0,True,4.0,3.0,True,5.0,4.0,True,True
5815133,DISARVAL 320/5 mg Cmp.recx30,DISARVAL 320/5 mg Cmp.recx30,0.0,1.0,True,1.0,2.0,True,2.0,2.0,False,True
5830974,MIOPROPAN S compx30,MIOPROPAN S compx30,2.0,1.0,True,3.0,2.0,True,4.0,3.0,True,True
5842393,TALPRAM 10 Cmp.recx30,TALPRAM 10 Cmp.recx30,0.0,0.0,False,1.0,1.0,False,2.0,1.0,True,True
5847262,ALDACTONE EP 25 MG compx30,ALDACTONE EP 25 MG compx30,0.0,0.0,False,0.0,1.0,True,1.0,1.0,False,True
5850396,AEROTROP spray nasal x120 dosi,AEROTROP spray nasal x120 dosi,0.0,0.0,False,0.0,1.0,True,0.0,1.0,True,True
5853712,AUDECOL 300 mg compx50,AUDECOL 300 mg compx50,2.0,1.0,True,3.0,2.0,True,3.0,3.0,False,True
5867971,VALTREX 1 g compx21,VALTREX 1 g compx21,0.0,0.0,False,1.0,0.0,True,1.0,0.0,True,True
5891396,LEVECOM 0 1000mg Cmp.rec.ranx6,LEVECOM 0 1000mg Cmp.rec.ranx6,1.0,1.0,False,2.0,2.0,False,3.0,2.0,True,True
5896003,DILATREND 3.125 mg Cmp.ranx30,DILATREND 3.125 mg Cmp.ranx30,1.0,0.0,True,2.0,1.0,True,2.0,2.0,False,True
5909005,NOSTER 10/160 mg compx28,NOSTER 10/160 mg compx28,0.0,0.0,False,1.0,1.0,False,2.0,1.0,True,True
5913391,ONGLYZA 5 mg compx28,ONGLYZA 5 mg compx28,0.0,1.0,True,1.0,2.0,True,2.0,2.0,False,True
5914392,BIDECAR CR 40 mg cÃÂÃÂ¡ps.lib.cont,BIDECAR CR 40 mg cÃps.lib.cont,0.0,0.0,False,1.0,1.0,False,1.0,2.0,True,True
5914392,BIDECAR CR 40 mg cÃÂÃÂps.lib.cont,BIDECAR CR 40 mg cÃps.lib.cont,0.0,0.0,False,1.0,1.0,False,1.0,2.0,True,True
5921422,LIPEX 20 mg compx30,LIPEX 20 mg compx30,0.0,0.0,False,1.0,0.0,True,1.0,0.0,True,True
5927265,ROXOLAN 10 mg compx30,ROXOLAN 10 mg compx30,0.0,0.0,False,1.0,1.0,False,2.0,1.0,True,True
5933422,BROMOTIL 40 mg compx60,BROMOTIL 40 mg compx60,0.0,0.0,False,1.0,1.0,False,2.0,1.0,True,True
5935423,NEBICOR 5 mg compx30,NEBICOR 5 mg compx30,0.0,1.0,True,1.0,2.0,True,2.0,2.0,False,True
5939841,ATORMAX 20 20 mg Cmp.recx30,ATORMAX 20 20 mg Cmp.recx30,1.0,0.0,True,2.0,1.0,True,2.0,1.0,True,True
5940713,BIATRIX XR 50 50 mg Cmp.lib.pr,BIATRIX XR 50 50 mg Cmp.lib.pr,0.0,0.0,False,1.0,1.0,False,2.0,1.0,True,True
5948422,LUDASTERIN 0.5 mg compx30,LUDASTERIN 0.5 mg compx30,1.0,2.0,True,2.0,3.0,True,3.0,4.0,True,True
5971266,SUAVICORT spray nasal x150 ds.,SUAVICORT spray nasal x150 ds.,0.0,1.0,True,1.0,2.0,True,2.0,2.0,False,True
5972554,FLUTICORT 250 mcg aer.HFA x120,FLUTICORT 250 mcg aer.HFA x120,1.0,0.0,True,2.0,1.0,True,2.0,2.0,False,True
600882,ANEMIDOX ax6 x2 ml,ANEMIDOX ax6 x2 ml,1.0,0.0,True,2.0,1.0,True,2.0,2.0,False,True
6048133,VALCAS 500 mg compx50,VALCAS 500 mg compx50,1.0,1.0,False,2.0,2.0,False,2.0,3.0,True,True
6051392,ACTRON PED 4% susp.oral x180 m,ACTRON PED 4% susp.oral x180 m,1.0,1.0,False,2.0,2.0,False,2.0,3.0,True,True
6062260,LORATADINA TAURO 10 mg compx10,LORATADINA TAURO 10 mg compx10,2.0,1.0,True,3.0,2.0,True,4.0,3.0,True,True
6065975,DESLAFAX 100 mg Cmp.acc.prolx3,DESLAFAX 100 mg Cmp.acc.prolx3,0.0,0.0,False,1.0,1.0,False,1.0,2.0,True,True
6074425,LIPOGLUTAREN DUO 20/10 mg Cmp.,LIPOGLUTAREN DUO 20/10 mg Cmp.,0.0,0.0,False,0.0,0.0,False,1.0,0.0,True,True
6084133,AFLUSAN 50 mg compx10,AFLUSAN 50 mg compx10,0.0,1.0,True,1.0,2.0,True,2.0,2.0,False,True
6096263,PANTUSEC 40mg Cmp.rec.gastrx30,PANTUSEC 40mg Cmp.rec.gastrx30,0.0,0.0,False,1.0,0.0,True,1.0,1.0,False,True
6107555,ARTERIOSAN CTO 5/100 mg compx3,ARTERIOSAN CTO 5/100 mg compx3,0.0,0.0,False,1.0,0.0,True,1.0,0.0,True,True
6117971,FORTCINOLONA 40 40 mg ampx1 ml,FORTCINOLONA 40 40 mg ampx1 ml,0.0,1.0,True,1.0,2.0,True,2.0,2.0,False,True
6122396,PLIDEX S 200/120 mg Cmp.recx30,PLIDEX S 200/120 mg Cmp.recx30,0.0,0.0,False,1.0,1.0,False,2.0,1.0,True,True
6122398,PLIDEX S 200/120 mg Cmp.recx60,PLIDEX S 200/120 mg Cmp.recx60,0.0,0.0,False,1.0,1.0,False,1.0,2.0,True,True
6137712,REDUPROST DUO caps.duras x30,REDUPROST DUO caps.duras x30,1.0,1.0,False,2.0,2.0,False,4.0,3.0,True,True
6145971,ISLOTIN XR 750 750 mg Cmp.rec.,ISLOTIN XR 750 750 mg Cmp.rec.,1.0,1.0,False,2.0,2.0,False,2.0,3.0,True,True
6151842,ISLOTIN XR 0 1000 mg Cmp.rec.A,ISLOTIN XR 0 1000 mg Cmp.rec.A,0.0,1.0,True,1.0,2.0,True,2.0,2.0,False,True
6153842,TOFLUX 600 mg sobx20,TOFLUX 600 mg sobx20,0.0,0.0,False,0.0,1.0,True,0.0,1.0,True,True
6158002,DESIRE 2 mg Cmp.recx28,DESIRE 2 mg Cmp.recx28,1.0,2.0,True,2.0,3.0,True,3.0,4.0,True,True
6176711,UROCETINA 0.4 mg caps.lib.prol,UROCETINA 0.4 mg caps.lib.prol,0.0,1.0,True,1.0,2.0,True,2.0,3.0,True,True
6197391,TACRAF GEL gel x60 g,TACRAF GEL gel x60 g,0.0,0.0,False,1.0,1.0,False,1.0,2.0,True,True
6202972,DOMEKA 50 mg compx30,DOMEKA 50 mg compx30,0.0,0.0,False,1.0,0.0,True,1.0,0.0,True,True
6209971,FLORATIL 250 mg cÃÂÃÂpsx12,FLORATIL 250 mg cÃpsx12,1.0,0.0,True,2.0,1.0,True,2.0,1.0,True,True
6209971,FLORATIL 250 mg cÃÂÃÂ¡psx12,FLORATIL 250 mg cÃpsx12,1.0,0.0,True,2.0,1.0,True,2.0,1.0,True,True
6222393,TARUSOL 0.4 mg Cmp.lib.prolx60,TARUSOL 0.4 mg Cmp.lib.prolx60,0.0,0.0,False,1.0,0.0,True,1.0,1.0,False,True
6223421,TUCLARIT 500 mg compx14,TUCLARIT 500 mg compx14,0.0,1.0,True,1.0,2.0,True,2.0,2.0,False,True
6244842,ZOMARIST MET 50/500 mg compx60,ZOMARIST MET 50/500 mg compx60,0.0,0.0,False,1.0,1.0,False,1.0,2.0,True,True
6274132,IBUPIRAC 600 CAPSULA BLANDA 60,IBUPIRAC 600 CAPSULA BLANDA 60,1.0,1.0,False,2.0,2.0,False,2.0,3.0,True,True
6274715,NEUMOCORT PLUS aer./inhalx150,NEUMOCORT PLUS aer./inhalx150,1.0,1.0,False,2.0,2.0,False,3.0,4.0,True,True
6283682,LIPIFEN 40 mg compx30,LIPIFEN 40 mg compx30,1.0,0.0,True,2.0,1.0,True,2.0,2.0,False,True
6297971,DAFLON 1000 sachets x30,DAFLON 1000 sachets x30,0.0,1.0,True,1.0,2.0,True,2.0,2.0,False,True
6301001,AMAPOLI Cmp.recx28,AMAPOLI Cmp.recx28,1.0,1.0,False,2.0,2.0,False,2.0,3.0,True,True
6304261,LIPITOR 80 mg compx30,LIPITOR 80 mg compx30,0.0,1.0,True,1.0,2.0,True,2.0,2.0,False,True
6307391,MOBAN 10 mg compx30,MOBAN 10 mg compx30,0.0,0.0,False,1.0,1.0,False,2.0,1.0,True,True
6312683,DISARVAL D 160/12.5/10 mg comp,DISARVAL D 160/12.5/10 mg comp,0.0,0.0,False,1.0,1.0,False,1.0,2.0,True,True
6316711,DIOSMIN CR pomo x30 g,DIOSMIN CR pomo x30 g,0.0,0.0,False,1.0,0.0,True,1.0,1.0,False,True
6339396,ERISOL 4% gel x30 g,ERISOL 4% gel x30 g,0.0,0.0,False,0.0,1.0,True,0.0,1.0,True,True
6361971,GADOCOR 5 mg Cmp.birranurx30,GADOCOR 5 mg Cmp.birranurx30,0.0,0.0,False,1.0,1.0,False,1.0,2.0,True,True
6404972,ORAVIL CB cÃÂÃÂ¡ps.blanda x1,ORAVIL CB cÃps.blanda x1,1.0,1.0,False,2.0,2.0,False,2.0,3.0,True,True
6404972,ORAVIL CB cÃÂÃÂps.blanda x1,ORAVIL CB cÃps.blanda x1,1.0,1.0,False,2.0,2.0,False,2.0,3.0,True,True
6407001,FUNGO NAIL sol.tÃÂÃÂ¢p.10% x4 ml,FUNGO NAIL sol.tÃ³p.10% x4 ml,0.0,0.0,False,1.0,1.0,False,2.0,1.0,True,True
6407001,FUNGO NAIL sol.tÃÂÃÂ³p.10% x4 ml,FUNGO NAIL sol.tÃ³p.10% x4 ml,0.0,0.0,False,1.0,1.0,False,2.0,1.0,True,True
6416261,LOUTEN emulsx2.5 ml,LOUTEN emulsx2.5 ml,3.0,3.0,False,4.0,5.0,True,5.0,6.0,True,True
6419391,TOUJEO 300U/ml lapicerax3x1.5m,TOUJEO 300U/ml lapicerax3x1.5m,0.0,1.0,True,1.0,2.0,True,2.0,3.0,True,True
6440391,BISOPIL 5 mg Cmp.recx30,BISOPIL 5 mg Cmp.recx30,2.0,1.0,True,3.0,2.0,True,4.0,3.0,True,True
6442551,TESTRI sol.oral x2 ml,TESTRI sol.oral x2 ml,1.0,0.0,True,2.0,1.0,True,3.0,2.0,True,True
6465262,PROCETOKEN XR 45 mg cÃÂÃÂ psx30,PROCETOKEN XR 45 mg cÃ¡psx30,0.0,0.0,False,1.0,1.0,False,1.0,2.0,True,True
6465262,PROCETOKEN XR 45 mg cÃÂÃÂ¡psx30,PROCETOKEN XR 45 mg cÃ¡psx30,0.0,0.0,False,1.0,1.0,False,1.0,2.0,True,True
6466712,IVERCASS compx4,IVERCASS compx4,0.0,0.0,False,1.0,1.0,False,2.0,1.0,True,True
6485712,DEVISAL CB cÃÂÃÂ¡ps.blx2,DEVISAL CB cÃps.blx2,1.0,1.0,False,2.0,2.0,False,3.0,2.0,True,True
6485712,DEVISAL CB cÃÂÃÂps.blx2,DEVISAL CB cÃps.blx2,1.0,1.0,False,2.0,2.0,False,3.0,2.0,True,True
6497001,ALERGICAL gtasx20 ml,ALIDIAL L gtasx20 ml,3.0,0.0,True,4.0,1.0,True,4.0,1.0,True,True
6497001,ALERGICAL gtasx20 ml,ALIDIAL L gtasx20 ml,3.0,0.0,True,4.0,1.0,True,4.0,1.0,True,True
6497001,ALERGICAL gtasx20 ml,ALIDIAL L gtasx20 ml,3.0,0.0,True,4.0,1.0,True,4.0,1.0,True,True
6497001,ALERGICAL gtasx20 ml,ALIDIAL L gtasx20 ml,3.0,0.0,True,4.0,1.0,True,4.0,1.0,True,True
6510551,SUPRALER CORT compx10,SUPRALER CORT compx10,0.0,0.0,False,1.0,1.0,False,1.0,2.0,True,True
6523841,SUBICAL CB cÃÂÃÂ¡ps.blx1,SUBICAL CB cÃps.blx1,0.0,1.0,True,1.0,2.0,True,2.0,3.0,True,True
6523841,SUBICAL CB cÃÂÃÂps.blx1,SUBICAL CB cÃps.blx1,0.0,1.0,True,1.0,2.0,True,2.0,3.0,True,True
6523842,SUBICAL CB cÃÂÃÂ¡ps.blx2,SUBICAL CB cÃps.blx2,0.0,1.0,True,1.0,2.0,True,2.0,3.0,True,True
6523842,SUBICAL CB cÃÂÃÂps.blx2,SUBICAL CB cÃps.blx2,0.0,1.0,True,1.0,2.0,True,2.0,3.0,True,True
6529711,ELLERING anillo vaginal sobx1,ELLERING anillo vaginal sobx1,0.0,0.0,False,1.0,1.0,False,1.0,2.0,True,True
6546391,DUTAPIL PLUS cÃÂÃÂ¡ps.lib.prol. x3,DUTAPIL PLUS cÃps.lib.prol. x3,1.0,0.0,True,2.0,1.0,True,2.0,2.0,False,True
6546391,DUTAPIL PLUS cÃÂÃÂps.lib.prol. x3,DUTAPIL PLUS cÃps.lib.prol. x3,1.0,0.0,True,2.0,1.0,True,2.0,2.0,False,True
6556682,SYSTANE COMPLETE SP sol.oftx10,SYSTANE COMPLETE SP sol.oftx10,0.0,0.0,False,1.0,1.0,False,1.0,2.0,True,True
6563713,VILZER MET 50/850 mg compx60,VILZER MET 50/850 mg compx60,0.0,1.0,True,1.0,2.0,True,3.0,3.0,False,True
6579391,SACTAN 40 mg compx28,SACTAN 40 mg compx28,1.0,0.0,True,2.0,1.0,True,2.0,2.0,False,True
6579421,SACTAN 80 mg compx28,SACTAN 80 mg compx28,0.0,0.0,False,1.0,1.0,False,1.0,2.0,True,True
6594681,URGISTAT 50 mg Cmp.lib.prolx30,URGISTAT 50 mg Cmp.lib.prolx30,0.0,0.0,False,1.0,1.0,False,1.0,2.0,True,True
6603391,DIAPRESAN TRIPLE 160/12.5/10 m,DIAPRESAN TRIPLE 160/12.5/10 m,0.0,0.0,False,1.0,1.0,False,2.0,1.0,True,True
6610551,ATUREN 1000 mg Cmp.recx30,ATUREN 1000 mg Cmp.recx30,1.0,2.0,True,2.0,3.0,True,3.0,3.0,False,True
6613713,GENIOL 1g Cmp. x50,GENIOL 1g Cmp. x50,3.0,2.0,True,4.0,3.0,True,5.0,5.0,False,True
6629131,VALSALEP 80 mg comp.x 30,VALSALEP 80 mg comp.x 30,0.0,0.0,False,1.0,0.0,True,1.0,0.0,True,True
6635971,PRESIMAX D 100/12.5mg Cmp.recx,PRESIMAX D 100/12.5mg Cmp.recx,0.0,0.0,False,1.0,0.0,True,1.0,1.0,False,True
6644712,FLOGOCOX 90 mg cÃÂÃÂ¡ps. bl. x28,FLOGOCOX 90 mg cÃps. bl. x28,0.0,0.0,False,1.0,1.0,False,2.0,1.0,True,True
6644712,FLOGOCOX 90 mg cÃÂÃÂps. bl. x28,FLOGOCOX 90 mg cÃps. bl. x28,0.0,0.0,False,1.0,1.0,False,2.0,1.0,True,True
6651551,RISTONEL 100 mg Cmp.recx30,RISTONEL 100 mg Cmp.recx30,0.0,0.0,False,1.0,1.0,False,1.0,2.0,True,True
6655972,BREZTRI AEROSPHERE aerx120 ds.,BREZTRI AEROSPHERE aerx120 ds.,0.0,0.0,False,0.0,1.0,True,0.0,1.0,True,True
6659711,NEXDIA 10 mg Cmp.recx28,NEXDIA 10 mg Cmp.recx28,0.0,1.0,True,1.0,2.0,True,1.0,2.0,True,True
6670262,SUBICAL CB 00 25000 UI cÃÂÃÂ¡ps.bl,SUBICAL CB 00 25000 UI cÃps.bl,0.0,0.0,False,1.0,1.0,False,2.0,1.0,True,True
6670711,SACTAN D 80/12.5 mg compx28,SACTAN D 80/12.5 mg compx28,0.0,1.0,True,1.0,2.0,True,2.0,2.0,False,True
6691973,SIAGLIX 50 mg Cmp.rec. x30,SIAGLIX 50 mg Cmp.rec. x30,0.0,1.0,True,1.0,2.0,True,2.0,2.0,False,True
6705421,TRELEGY ELLIPTA 200 mcg inhalx,TRELEGY ELLIPTA 200 mcg inhalx,0.0,0.0,False,1.0,1.0,False,1.0,2.0,True,True
6707004,HIPOLIPOL EZ 20/10 mg Cmp. x30,HIPOLIPOL EZ 20/10 mg Cmp. x30,1.0,0.0,True,2.0,1.0,True,2.0,2.0,False,True
6718001,CRADA cÃÂÃÂ ps.blanda x2,CRADA cÃ¡ps.blanda x2,1.0,0.0,True,2.0,1.0,True,2.0,2.0,False,True
6718001,CRADA cÃÂÃÂ¡ps.blanda x2,CRADA cÃ¡ps.blanda x2,1.0,0.0,True,2.0,1.0,True,2.0,2.0,False,True
6727841,SOTIL MET 50/1000 mg compx30,SOTIL MET 50/1000 mg compx30,0.0,1.0,True,1.0,2.0,True,1.0,2.0,True,True
6732001,SYSTANE HIDRA SP sol.oft.estÃÂÃÂr,SYSTANE HIDRA SP sol.oft.estÃ©r,0.0,1.0,True,1.0,2.0,True,2.0,2.0,False,True
6732001,SYSTANE HIDRA SP sol.oft.estÃÂÃÂ©r,SYSTANE HIDRA SP sol.oft.estÃ©r,0.0,1.0,True,1.0,2.0,True,2.0,2.0,False,True
6732974,COMBINATER 2.5 mg Cmp. x120,COMBINATER 2.5 mg Cmp. x120,0.0,0.0,False,0.0,1.0,True,0.0,1.0,True,True
6734131,DAGLIBEN 10 mg Cmp.rec. x30,DAGLIBEN 10 mg Cmp.rec. x30,0.0,1.0,True,1.0,2.0,True,2.0,2.0,False,True
6735971,DIPEMINA 1000 mg Cmp.recx30,DIPEMINA 1000 mg Cmp.recx30,0.0,0.0,False,1.0,1.0,False,2.0,1.0,True,True
6814841,ACTRON 600 RAPIDA ACCION NUEVA,ACTRON 600 RAPIDA ACCION NUEVA,0.0,3.0,True,1.0,4.0,True,1.0,4.0,True,True
6814842,ACTRON 600 RAPIDA ACCION NUEVA,ACTRON 600 RAPIDA ACCION NUEVA,0.0,0.0,False,0.0,1.0,True,0.0,2.0,True,True
704673,BIL 13 compx100,BIL 13 compx100,0.0,0.0,False,0.0,1.0,True,0.0,1.0,True,True
8022318,COREGA TABS COMBINE X 30 TAB,COREGA TABS COMBINE X 30 TAB,1.0,1.0,False,2.0,2.0,False,2.0,3.0,True,True
8125030,COREGA TABS PRO ORTODONCIA X,COREGA TABS PRO ORTODONCIA X,0.0,0.0,False,1.0,1.0,False,2.0,1.0,True,True
8126230,COREGA ULTRA MAX FIJ + FRESCU,COREGA ULTRA MAX FIJ + FRESCU,0.0,0.0,False,1.0,1.0,False,2.0,1.0,True,True
82101,HOLOMAGNE Cmp.recx50,HOLOMAGNE Cmp.recx50,1.0,0.0,True,2.0,1.0,True,3.0,3.0,False,True
9903491,ALIKAL  ORIGINAL X 1,ALIKAL  ORIGINAL X 1,10.0,9.0,True,11.0,10.0,True,18.0,18.0,False,True
9916025,CASCARA SAGRADA OLIGOPLEX comp,CASCARA SAGRADA OLIGOPLEX comp,0.0,1.0,True,1.0,2.0,True,2.0,3.0,True,True
9916773,AGAROL Frutilla fcox390 ml,AGAROL Frutilla fcox390 ml,0.0,0.0,False,1.0,0.0,True,1.0,0.0,True,True
9927503,BUENAS NOCHES compx30,BUENAS NOCHES compx30,0.0,0.0,False,0.0,1.0,True,1.0,1.0,False,True
9931654,MAGNE 400 GARDEN HOUSE compx30,MAGNE 400 GARDEN HOUSE compx30,1.0,0.0,True,2.0,1.0,True,2.0,2.0,False,True
9932807,ALUMPAK barra desodx42 g,ALUMPAK barra desodx42 g,0.0,0.0,False,1.0,0.0,True,1.0,0.0,True,True
9934444,NATULAX PLUS compx40,NATULAX PLUS compx40,1.0,0.0,True,2.0,1.0,True,2.0,2.0,False,True
9938081,BAGODERM VL crx50 g,BAGODERM VL crx50 g,0.0,0.0,False,1.0,0.0,True,1.0,0.0,True,True
9939905,AGUJAS NOVOFINE 32 G TIP x100,AGUJAS NOVOFINE 32 G TIP x100,1.0,0.0,True,2.0,1.0,True,2.0,2.0,False,True
9939910,MEJORAL  JUNIOR 160MG X 10,MEJORAL  JUNIOR 160MG X 10,1.0,1.0,False,2.0,2.0,False,3.0,2.0,True,True
9939911,MEJORAL P/NN JUNIOR 160 mg Cmp,MEJORAL P/NN JUNIOR 160 mg Cmp,0.0,0.0,False,1.0,1.0,False,1.0,2.0,True,True
9940126,GUM CEP 153 TRAVEL,GUM CEP 153 TRAVEL,0.0,1.0,True,1.0,2.0,True,2.0,3.0,True,True
9942229,MUELITA GEL PED gel pomo x10 g,MUELITA GEL PED gel pomo x10 g,0.0,0.0,False,1.0,1.0,False,2.0,1.0,True,True
9943232,COLGATE ENJ BUCAL LUMINOUS CAR,COLGATE ENJ BUCAL LUMINOUS CAR,1.0,2.0,True,2.0,3.0,True,4.0,4.0,False,True
9943528,DERMAGLOS F LIMP P MIX A GRASA,DERMAGLOS F LIMP P MIX A GRASA,0.0,0.0,False,1.0,1.0,False,2.0,1.0,True,True
9944759,PROTEIN BAR LEMON PIE envx46 g,PROTEIN BAR LEMON PIE envx46 g,0.0,1.0,True,1.0,2.0,True,2.0,2.0,False,True
9946220,LAX FIBRAS compx30,LAX FIBRAS compx30,1.0,0.0,True,2.0,1.0,True,2.0,2.0,False,True
9946850,ARTROSTOP  T CALIENTE X 1,ARTROSTOP  T CALIENTE X 1,2.0,4.0,True,4.0,5.0,True,5.0,5.0,False,True
9947064,MAGNE 400 compx30,MAGNE 400 compx30,1.0,0.0,True,2.0,1.0,True,3.0,2.0,True,True
9948238,GLUCERNA POLVO vainilla lata x,GLUCERNA POLVO vainilla lata x,0.0,0.0,False,1.0,0.0,True,1.0,0.0,True,True
9948626,TREG 20 mg cÃÂÃÂ¡psx30,TREG 20 mg cÃpsx30,6.0,6.0,False,7.0,8.0,True,10.0,10.0,False,True
9948626,TREG 20 mg cÃÂÃÂpsx30,TREG 20 mg cÃpsx30,6.0,6.0,False,7.0,8.0,True,10.0,10.0,False,True
9949351,CEPAGE CLARITE CREMA X 30,CEPAGE CLARITE CREMA X 30,0.0,0.0,False,0.0,1.0,True,0.0,1.0,True,True
9949494,GOICOECHEA CR X400 REAF TONIFY,GOICOECHEA CR X400 REAF TONIFY,0.0,1.0,True,1.0,2.0,True,2.0,2.0,False,True
9949623,DERMAGLOS SOL 80 CREMA X90,DERMAGLOS SOL 80 CREMA X90,1.0,0.0,True,2.0,1.0,True,2.0,2.0,False,True
9949769,AGUJASULTRAFINE 5MM 31G 31G x5,AGUJASULTRAFINE 5MM 31G 31G x5,1.0,0.0,True,2.0,1.0,True,2.0,1.0,True,True
9949769,AGUJASULTRAFINE 5MM 31G 31G x5,AGUJASULTRAFINE 5MM 31G 31G x5,1.0,0.0,True,2.0,1.0,True,2.0,1.0,True,True
9949825,TAFIROL X 30 CMPR,TAFIROL X 30 CMPR,1.0,2.0,True,2.0,3.0,True,3.0,4.0,True,True
9949965,ARTROSIL roll-on x90 g,ARTROSIL roll-on x90 g,0.0,0.0,False,1.0,1.0,False,1.0,2.0,True,True
9950110,AGUJASULTRAFINE 8MM 31G 31G x8,AGUJASULTRAFINE 8MM 31G 31G x8,1.0,0.0,True,2.0,1.0,True,2.0,1.0,True,True
9950110,AGUJASULTRAFINE 8MM 31G 31G x8,AGUJASULTRAFINE 8MM 31G 31G x8,1.0,0.0,True,2.0,1.0,True,2.0,1.0,True,True
9950199,IRIX LAGR envx15 ml,IRIX LAGR envx15 ml,0.0,0.0,False,1.0,1.0,False,1.0,2.0,True,True
9950817,ZONA LIBRE DE PIOJOS MADRES Y,ZONA LIBRE DE PIOJOS MADRES Y,0.0,0.0,False,1.0,0.0,True,1.0,0.0,True,True
9951667,COLTIX ADVANCE COLIRIO sol.oft,COLTIX ADVANCE COLIRIO sol.oft,0.0,1.0,True,1.0,2.0,True,2.0,2.0,False,True
9951677,IRIX COLIRIO x15 ml,IRIX COLIRIO x15 ml,1.0,0.0,True,2.0,1.0,True,3.0,2.0,True,True
9951722,GOICOECHEA CR X400 ANTICELULIT,GOICOECHEA CR X400 ANTICELULIT,0.0,1.0,True,1.0,2.0,True,2.0,2.0,False,True
9952033,ENSURE ADVANCE Vainilla pvox40,ENSURE ADVANCE Vainilla pvox40,0.0,0.0,False,1.0,1.0,False,2.0,1.0,True,True
9952090,PIECIDEX SPRAY C/TERBINAFINA x,PIECIDEX SPRAY C/TERBINAFINA x,0.0,0.0,False,1.0,1.0,False,2.0,1.0,True,True
9953578,PROTEIN BAR BANANA SPLIT barra,PROTEIN BAR BANANA SPLIT barra,0.0,2.0,True,1.0,3.0,True,2.0,3.0,True,True
9953902,QUELAT compx30,QUELAT compx30,0.0,1.0,True,1.0,2.0,True,2.0,3.0,True,True
9953986,ACCU-CHEK GUIDE tiras Reac x50,ACCU-CHEK GUIDE tiras Reac x50,9.0,9.0,False,10.0,10.0,False,14.0,15.0,True,True
9954623,TAFIROL PLUS RAPIDA CAPS.BL.X8,TAFIROL PLUS RAPIDA CAPS.BL.X8,3.0,2.0,True,4.0,3.0,True,5.0,4.0,True,True
9954820,BENGUE DESINF pomada x150 g,BENGUE DESINF pomada x150 g,0.0,1.0,True,1.0,2.0,True,2.0,2.0,False,True
9955305,LES CILS spray x15 ml,LES CILS spray x15 ml,0.0,0.0,False,0.0,1.0,True,0.0,1.0,True,True
9955573,PROAVENAL OMEGATOPIC cr.emolie,PROAVENAL OMEGATOPIC cr.emolie,0.0,0.0,False,0.0,0.0,False,1.0,0.0,True,True
9955909,ASEPXIA CARBON MASC PEEL OFF X,ASEPXIA CARBON MASC PEEL OFF X,0.0,0.0,False,0.0,1.0,True,0.0,1.0,True,True
9956491,CONTRACTIL cÃÂÃÂ¡psx30,CONTRACTIL cÃpsx30,1.0,1.0,False,2.0,2.0,False,3.0,2.0,True,True
9956491,CONTRACTIL cÃÂÃÂpsx30,CONTRACTIL cÃpsx30,1.0,1.0,False,2.0,2.0,False,3.0,2.0,True,True
9956512,ONE TOUCH SELECT PLUS tiras Re,ONE TOUCH SELECT PLUS tiras Re,1.0,0.0,True,2.0,1.0,True,2.0,2.0,False,True
9957092,EVACOPA copa menstrual x1,EVACOPA copa menstrual x1,0.0,0.0,False,1.0,1.0,False,1.0,2.0,True,True
9957267,CEPAGE CAPILLAIRE ACID COMP X,CEPAGE CAPILLAIRE ACID COMP X,0.0,0.0,False,0.0,1.0,True,0.0,1.0,True,True
9957435,ALERNIX SPRAY nasal x10 ml,ALERNIX SPRAY nasal x10 ml,1.0,1.0,False,2.0,2.0,False,2.0,3.0,True,True
9957462,TISANA DIABETES SAINT GOTTARD,TISANA DIABETES SAINT GOTTARD,0.0,0.0,False,1.0,0.0,True,1.0,0.0,True,True
9957995,FOMIXINA sobx2,FOMIXINA sobx2,1.0,0.0,True,2.0,1.0,True,2.0,2.0,False,True
9958326,ENACCION COLAGENO COMPLEX Limo,ENACCION COLAGENO COMPLEX Limo,1.0,0.0,True,2.0,1.0,True,2.0,2.0,False,True
9958346,DIABET TX ANTITRANSP ROLL ON X,DIABET TX ANTITRANSP ROLL ON X,0.0,0.0,False,1.0,0.0,True,1.0,0.0,True,True
9958423,VIVITA FORTE BALSAMO pote. x20,VIVITA FORTE BALSAMO pote. x20,2.0,1.0,True,3.0,2.0,True,3.0,3.0,False,True
9959268,EVAGINA gel pomo x50 ml,EVAGINA gel pomo x50 ml,0.0,1.0,True,1.0,2.0,True,1.0,2.0,True,True
9959472,NIKZON 500 mg Cmp.recx30,NIKZON 500 mg Cmp.recx30,0.0,1.0,True,1.0,2.0,True,2.0,2.0,False,True
9959580,CICATRICURE GOLD LIFT SERUM X3,CICATRICURE GOLD LIFT SERUM X3,0.0,0.0,False,1.0,0.0,True,1.0,0.0,True,True
9959809,PEDIASURE Vainilla envx220 ml,PEDIASURE Vainilla envx220 ml,59.0,0.0,True,60.0,0.0,True,60.0,1.0,True,True
9960034,DERMAGLOS F ULTRA ESTRUC DIA C,DERMAGLOS F ULTRA ESTRUC DIA C,0.0,0.0,False,0.0,1.0,True,0.0,1.0,True,True
9960156,TIO NACHO SH X415 HERBOLARIA M,TIO NACHO SH X415 HERBOLARIA M,0.0,1.0,True,1.0,2.0,True,2.0,3.0,True,True
9960164,TIO NACHO AC X415 ACLARANTE,TIO NACHO AC X415 ACLARANTE,0.0,1.0,True,1.0,2.0,True,1.0,2.0,True,True
9960255,TRIATOP SH X400 CLINICAL,TRIATOP SH X400 CLINICAL,0.0,0.0,False,1.0,1.0,False,1.0,2.0,True,True
9960401,CALADRYL EDIC.70 AÃÂÃÂOS locx110,CALADRYL EDIC.70 AÃOS locx110,0.0,0.0,False,1.0,1.0,False,2.0,1.0,True,True
9960810,SUEROX Frut.kiwi botx630 ml,SUEROX Frut.kiwi botx630 ml,1.0,0.0,True,2.0,1.0,True,3.0,2.0,True,True
9960811,SUEROX Arand.pomelo botx630 ml,SUEROX Arand.pomelo botx630 ml,0.0,0.0,False,1.0,1.0,False,2.0,1.0,True,True
9961024,BUSHI SPRAY X60,BUSHI SPRAY X60,0.0,0.0,False,1.0,0.0,True,1.0,0.0,True,True
9961141,CALADRYL CUIDADOS INTENSIVOS P,CALADRYL CUIDADOS INTENSIVOS P,1.0,0.0,True,2.0,1.0,True,2.0,2.0,False,True
9961680,ZONA LIBRE DE MOSQUITOS spray,ZONA LIBRE DE MOSQUITOS spray,0.0,0.0,False,0.0,1.0,True,1.0,2.0,True,True
9961861,MAGNE CITRATO cÃÂÃÂ psx60,MAGNE CITRATO cÃ¡psx60,1.0,0.0,True,2.0,1.0,True,2.0,2.0,False,True
9961861,MAGNE CITRATO cÃÂÃÂ¡psx60,MAGNE CITRATO cÃ¡psx60,1.0,0.0,True,2.0,1.0,True,2.0,2.0,False,True
9962232,PANTUS 20 20mg Cmp.rec.gastrx1,PANTUS 20 20mg Cmp.rec.gastrx1,3.0,3.0,False,4.0,4.0,False,5.0,4.0,True,True
9962235,DETENAGE N sÃÂÃÂrum facial x30 ml,DETENAGE N sÃ©rum facial x30 ml,0.0,0.0,False,1.0,0.0,True,1.0,0.0,True,True
9962491,DANLOX 20 mg cÃÂÃÂ psx14,DANLOX 20 mg cÃ¡psx14,0.0,0.0,False,0.0,1.0,True,1.0,1.0,False,True
9962665,DORIXINA VL compx10,DORIXINA VL compx10,1.0,1.0,False,2.0,2.0,False,2.0,3.0,True,True
9963387,TIO NACHO SH X415 CASPA PROPOL,TIO NACHO SH X415 CASPA PROPOL,0.0,1.0,True,1.0,2.0,True,1.0,2.0,True,True
9963497,LIDIL SPRAY nasal x10 ml,LIDIL SPRAY nasal x10 ml,5.0,5.0,False,6.0,6.0,False,6.0,7.0,True,True
9963641,UNESIA LAKESIA AMOROLFINA LACA,UNESIA LAKESIA AMOROLFINA LACA,0.0,1.0,True,1.0,2.0,True,2.0,2.0,False,True
9963882,TAFIROL 1 G blÃÂÃÂ­ster Cmp. x8,TAFIROL 1 G blÃ­ster Cmp. x8,8.0,7.0,True,9.0,8.0,True,10.0,9.0,True,True
9963921,CARTREXAN cÃÂÃÂ ps. Bld x30,CARTREXAN cÃ¡ps. Bld x30,0.0,0.0,False,0.0,1.0,True,0.0,1.0,True,True
9964074,CICATRICURE CR CORP X400 NUTRI,CICATRICURE CR CORP X400 NUTRI,0.0,0.0,False,0.0,1.0,True,0.0,1.0,True,True
